code,lat,lon
0101,40.5772,-8.44442
0102,40.69318,-8.47994
0103,40.43841,-8.43352
0104,40.93057,-8.24488
0105,40.64575,-8.64643
0106,41.06301,-8.2647
0107,41.00763,-8.64125
0108,40.75648,-8.57207
0109,40.92726,-8.54839
0110,40.60188,-8.67021
0111,40.37806,-8.44991
0112,40.73695,-8.6377
0113,40.84101,-8.47555
0114,40.5146,-8.49386
0115,40.85862,-8.62513
0116,40.9007,-8.4902
0117,40.73459,-8.36722
0118,40.556,-8.68175
0119,40.8497,-8.39389
0201,37.87759,-8.16516
0202,37.51279,-8.06008
0203,38.25611,-7.99158
0204,38.13446,-6.97604
0205,38.01469,-7.86284
0206,37.69828,-8.08581
0207,38.16544,-7.8924
0208,38.05972,-8.11408
0209,37.64304,-7.6611
0210,38.1401,-7.44856
0211,37.59798,-8.63972
0212,37.6539,-8.22569
0213,37.94581,-7.59754
0214,38.20995,-7.8005
0301,41.63091,-8.35117
0302,41.53174,-8.61843
0303,41.5514,-8.42311
0304,41.51431,-7.98942
0305,41.38714,-8.00101
0306,41.5361,-8.78201
0307,41.45083,-8.17258
0308,41.44443,-8.29619
0309,41.57599,-8.27008
0310,41.71769,-8.30888
0311,41.63292,-8.14252
0312,41.40797,-8.51978
0313,41.64729,-8.43715
0314,41.39096,-8.26389
0401,41.34315,-6.96112
0402,41.80716,-6.75898
0403,41.2376,-7.3001
0404,41.09033,-6.80648
0405,41.53816,-6.9611
0406,41.49692,-6.27308
0407,41.48739,-7.18695
0408,41.34034,-6.71187
0409,41.17454,-7.05364
0410,41.30904,-7.15378
0411,41.58473,-6.52767
0412,41.83509,-7.00501
0501,40.3593,-7.34869
0502,39.82364,-7.49101
0503,40.28106,-7.50504
0504,40.14025,-7.50135
0505,39.92316,-7.24082
0506,39.91893,-7.9137
0507,40.16895,-7.16987
0508,39.7522,-7.9239
0509,39.80205,-8.09589
0510,39.67604,-8.14577
0511,39.65646,-7.6767
0601,40.21826,-8.05403
0602,40.34671,-8.59419
0603,40.20686,-8.41996
0604,40.11283,-8.49804
0605,40.15085,-8.86179
0606,40.15735,-8.11007
0607,40.11673,-8.24921
0608,40.42892,-8.73746
0609,40.09318,-8.33261
0610,40.17287,-8.68616
0611,40.3618,-7.86014
0612,40.0462,-7.95182
0613,40.26884,-8.28237
0614,40.03333,-8.38333
0615,40.05989,-8.62605
0616,40.36207,-8.02936
0617,40.2086,-8.2531
0701,38.702,-7.40309
0702,38.72363,-7.98478
0703,38.80553,-7.45465
0704,38.84432,-7.58585
0705,38.56587,-7.90405
0706,38.64812,-8.21455
0707,38.94351,-8.16434
0708,38.38356,-7.34189
0709,38.30697,-7.70244
0710,38.64872,-7.54708
0711,38.42529,-7.53494
0712,38.67706,-8.45792
0713,38.33458,-8.0044
0714,38.7777,-7.41793
0801,37.08819,-8.2503
0802,37.47432,-7.47228
0803,37.31745,-8.80147
0804,37.22068,-7.4435
0805,37.01869,-7.92716
0806,37.13535,-8.45319
0807,37.10202,-8.67422
0808,37.13772,-8.01968
0809,37.31775,-8.55529
0810,37.0286,-7.8411
0811,37.13856,-8.53775
0812,37.1531,-7.88751
0813,37.18921,-8.43822
0814,37.12734,-7.64861
0815,37.08317,-8.91144
0816,37.195,-7.41766
0901,40.81726,-7.54431
0902,40.7244,-6.9065
0903,40.63723,-7.39037
0904,40.89262,-6.9635
0905,40.62807,-7.54064
0906,38.83333,-9.43333
0907,40.53754,-7.26631
0908,40.4028,-7.53977
0909,40.96635,-7.26163
0910,40.77403,-7.06675
0911,40.35127,-7.09104
0912,40.4151,-7.70859
0913,40.78329,-7.35016
0914,41.08194,-7.14146
1001,39.55223,-8.97749
1002,39.82256,-8.37999
1003,39.91177,-8.43568
1004,39.66025,-8.82475
1005,39.26723,-9.15795
1006,39.40326,-9.13839
1007,40.00717,-8.21048
1008,39.90413,-8.27511
1009,39.74362,-8.80705
1010,39.74769,-8.93228
1011,39.60289,-9.06836
1012,39.36055,-9.1567
1013,39.91835,-8.1459
1014,39.3558,-9.38112
1015,39.91674,-8.62847
1016,39.60191,-8.81839
1101,39.05315,-9.00928
1102,38.98411,-9.07746
1103,39.07029,-8.86822
1104,39.24298,-9.10327
1105,38.69681,-9.42147
1106,38.72509,-9.1498
1107,38.83091,-9.16845
1108,39.24166,-9.31254
1109,38.93793,-9.32756
1110,38.69105,-9.31085
1111,38.80097,-9.37826
1112,39.01958,-9.15081
1113,39.09109,-9.2586
1114,38.95525,-8.98966
1115,38.75382,-9.23083
1116,38.79269,-9.1838
1201,39.19741,-7.65893
1202,39.12242,-7.28619
1203,39.05391,-7.89156
1204,39.01774,-7.06497
1205,39.41624,-7.4568
1206,39.28967,-7.64571
1207,38.8815,-7.16282
1208,39.05629,-7.64868
1209,39.46443,-7.93449
1210,39.39377,-7.37663
1211,39.05318,-7.43689
1212,39.51499,-7.64908
1213,39.24964,-8.01009
1214,39.29379,-7.43122
1215,38.95223,-7.67614
1301,41.27271,-8.08245
1302,41.16273,-8.0347
1303,41.36806,-8.19396
1304,42.11155,-8.74971
1305,41.27822,-8.27993
1306,41.23574,-8.6199
1307,41.18389,-8.14864
1308,41.18207,-8.68908
1309,41.27657,-8.37617
1310,41.20485,-8.33147
1311,41.20835,-8.28285
1312,41.1485,-8.61097
1313,41.38344,-8.76364
1314,41.34257,-8.47746
1315,41.18883,-8.49857
1316,41.35326,-8.74516
1317,41.12401,-8.61241
1318,41.33729,-8.5596
1401,39.46667,-8.2
1402,39.459,-8.66892
1403,39.20837,-8.62635
1404,39.25712,-8.58187
1405,38.97919,-8.80759
1406,39.16022,-8.78741
1407,41.02555,-8.5837
1408,39.47796,-8.33636
1409,38.95955,-8.52524
1410,39.46667,-8.46667
1411,39.69406,-8.29213
1412,39.40474,-8.48625
1413,39.55573,-7.99421
1414,39.33732,-8.93906
1415,39.02788,-8.7935
1416,39.23379,-8.68617
1417,39.53449,-8.16119
1418,39.60199,-8.40924
1419,39.47581,-8.54348
1420,39.46081,-8.43588
1421,39.64167,-8.5919
1501,38.37326,-8.51444
1502,38.75534,-8.96086
1503,38.67902,-9.1569
1504,38.66314,-9.0724
1505,38.17718,-8.56675
1506,38.65078,-8.99038
1507,38.90839,-6.61785
1508,38.56902,-8.90126
1509,38.01693,-8.69475
1510,38.64008,-9.10141
1511,38.44451,-9.10149
1512,38.5244,-8.8882
1513,37.95622,-8.86979
1601,41.84668,-8.41905
1602,41.87704,-8.83876
1603,42.11337,-8.26016
1604,42.07892,-8.48076
1605,41.91013,-8.56094
1606,41.80451,-8.41554
1607,41.76719,-8.58393
1608,42.03104,-8.64595
1609,41.69323,-8.83287
1610,41.94118,-8.7423
1701,41.27644,-7.47489
1702,41.68939,-7.66914
1703,41.74019,-7.46879
1704,41.1598,-7.88954
1705,41.41157,-7.95441
1706,41.82357,-7.78971
1707,41.406,-7.45485
1708,41.16318,-7.78901
1709,41.52147,-7.80237
1710,41.26702,-7.57601
1711,41.20991,-7.78386
1712,41.60746,-7.31088
1713,41.50018,-7.64383
1714,41.3001,-7.7432
1801,41.10765,-7.69139
1802,40.43333,-8.0
1803,40.8984,-7.93381
1804,41.07197,-8.08999
1805,41.09741,-7.80991
1806,40.60425,-7.76115
1807,40.98383,-7.61765
1808,40.39675,-8.23234
1809,40.53216,-7.85152
1810,40.73357,-8.17481
1811,40.67654,-7.69661
1812,40.98875,-7.39386
1813,41.10582,-7.9665
1814,40.39856,-8.1316
1815,41.14805,-7.40489
1816,40.75537,-8.07265
1817,40.74177,-7.73285
1818,40.89871,-7.49342
1819,41.11615,-7.56793
1820,41.01763,-7.77547
1821,40.51682,-8.08087
1822,40.85291,-7.72791
1823,40.66165,-7.90905
1824,40.72361,-8.11283
