code,municipio,domestic_kwh,domestic_consumers,total_kwh
1401,Abrantes,46586739,22114,139834253
0901,Aguiar da Beira,7653499,4254,18176827
0701,Alandroal,8735212,3638,18547401
0102,Albergaria-a-Velha,31665275,12404,194186222
0801,Albufeira,121581595,42386,372777043
1402,Alcanena,17083175,7066,65744311
1001,Alcobaça,82546475,33585,272664655
1502,Alcochete,25767640,9586,88818487
0802,Alcoutim,3855167,3116,11746224
1501,Alcácer do Sal,19282214,7030,81597048
1101,Alenquer,55261301,21950,248529196
0401,Alfândega da Fé,6260048,3595,11715206
1701,Alijó,14087224,8138,33329093
0803,Aljezur,14636436,5648,26987309
0201,Aljustrel,12215008,5307,185055888
1503,Almada,225842432,102378,503532376
0902,Almeida,9119223,6190,18740626
1403,Almeirim,32474337,11922,83202686
0202,Almodôvar,9970453,5003,19742591
1404,Alpiarça,10675205,3825,42210407
1201,Alter do Chão,4773002,2546,11650853
1002,Alvaiázere,8845783,5211,17286152
0203,Alvito,3892757,1501,13877343
1115,Amadora,171208202,87193,490939801
1301,Amarante,70874195,28276,129801532
0301,Amares,25593611,10262,48147435
0103,Anadia,39086467,14989,125963987
4301,Angra do Heroismo,43740290,14882,118816806
1003,Ansião,15154599,7899,40500851
1601,Arcos de Valdevez,31927559,17180,99402937
0601,Arganil,16017387,10062,52005609
1801,Armamar,8988413,4353,27279878
0104,Arouca,27209066,11149,56992226
0702,Arraiolos,11899135,4286,26956317
1202,Arronches,4485576,2005,9806744
1102,Arruda dos Vinhos,19961959,6588,40908625
0105,Aveiro,104868788,43488,777388513
1203,Avis,6001105,2669,39310642
1103,Azambuja,27804232,10937,157775826
1302,Baião,22586022,10700,37591576
0302,Barcelos,155325171,50370,443560227
0204,Barrancos,1851912,1116,4632521
1504,Barreiro,84599867,43203,198143451
1004,Batalha,22272766,8330,84696771
0205,Beja,46674300,19325,165720606
0501,Belmonte,9517750,4486,16001625
1405,Benavente,43904942,15010,161910520
1005,Bombarral,20347116,7738,51606762
0703,Borba,10297716,3646,22956214
1702,Boticas,6579169,4383,18104641
0303,Braga,245720846,91482,719892105
0402,Bragança,56407642,25948,125724818
0304,Cabeceiras de Basto,20514300,9683,36674116
1104,Cadaval,21018052,8536,47709567
1006,Caldas da Rainha,80395588,31664,198096856
4501,Calheta (Açores),4995712,2223,11360673
3101,Calheta (Madeira),19607119,7282,41344831
1602,Caminha,30857033,14313,50699725
1204,Campo Maior,14046854,4680,51093755
0602,Cantanhede,46609281,21332,214816318
0403,Carrazeda de Ansiães,7723667,5015,15005939
1802,Carregal do Sal,12078108,6461,29843639
1406,Cartaxo,34555778,12899,103321879
1105,Cascais,333345470,111715,669322180
1007,Castanheira de Pêra,3603444,2305,9903691
0502,Castelo Branco,77683058,37974,193263831
0106,Castelo de Paiva,18452753,7145,46284496
1205,Castelo de Vide,4904255,2601,16180912
1803,Castro Daire,19012043,11454,35807265
0804,Castro Marim,15838807,8169,47948113
0206,Castro Verde,9909226,4487,358902083
0903,Celorico da Beira,8605662,5437,18441205
0305,Celorico de Basto,21423364,10092,46569679
1407,Chamusca,12358080,5132,59341830
1703,Chaves,53547035,27296,124825320
1804,Cinfães,22957759,11250,34440313
0603,Coimbra,191146451,80546,668538274
0604,Condeixa-a-Nova,19465040,8297,47891732
1408,Constância,5537916,2138,68476283
1409,Coruche,26274186,10047,99174247
4901,Corvo,732009,187,1673944
0503,Covilhã,71494246,32280,228293110
1206,Crato,5239629,2810,11142940
0207,Cuba,6313275,2697,17139325
3102,Câmara de Lobos,33364437,12692,72091032
1207,Elvas,31134400,11512,75171267
1410,Entroncamento,26697327,11051,75052606
0107,Espinho,40903301,16003,89085391
0306,Esposende,56029256,22750,120688768
0108,Estarreja,32751449,12971,661485935
0704,Estremoz,19577170,7767,50479138
0307,Fafe,61933357,25794,147287425
0805,Faro,105162817,38735,265541332
1303,Felgueiras,69528715,24119,177566148
0208,Ferreira do Alentejo,10821735,4403,64231910
1411,Ferreira do Zêzere,12785446,6876,44870325
0605,Figueira da Foz,82013048,43857,1206597272
0904,Figueira de Castelo Rodrigo,6694851,4570,14493574
1008,Figueiró dos Vinhos,7423322,4479,15732243
0905,Fornos de Algodres,5548432,3578,11915967
0404,Freixo de Espada à Cinta,5070367,3064,9731829
1208,Fronteira,4736372,2215,10071507
3103,Funchal,127727064,50363,421368200
0504,Fundão,42028893,21020,119695098
1209,Gavião,4927573,3096,9592358
1412,Golegã,9312050,3350,31397019
1304,Gondomar,207519460,74065,400208065
0906,Gouveia,15319313,9588,34362259
1505,Grândola,31073201,10432,86433699
0907,Guarda,52084734,26440,179613643
0308,Guimarães,203268206,70467,725199738
0606,Góis,5087686,4390,10679309
4701,Horta,20153075,7030,48065405
0505,Idanha-a-Nova,12998343,9531,33349961
0806,Lagoa (Algarve),69306265,20010,150371815
4201,Lagoa (Açores),16201990,5408,45411838
0807,Lagos,84110761,28777,174173485
4801,Lajes das Flores,2741420,1024,7025557
4601,Lajes do Pico,6341233,2875,13323719
1805,Lamego,31281804,15838,80055848
1009,Leiria,182184035,70052,678174914
1106,Lisboa,732819341,323392,3071300773
0808,Loulé,234311830,63757,541259253
1107,Loures,223652304,96736,694406156
1108,Lourinhã,43512440,16780,85506548
1305,Lousada,63454320,19604,117811112
0607,Lousã,22232285,10285,54473497
0405,Macedo de Cavaleiros,20113996,11047,41354451
3104,Machico,23041235,9201,66929424
4602,Madalena,9846966,3427,23810249
1109,Mafra,133222062,44089,286060526
1306,Maia,178685789,60581,1269265800
1806,Mangualde,24793216,11925,150120964
0908,Manteigas,4409029,2433,10727351
1307,Marco de Canaveses,73515759,23550,149566945
1010,Marinha Grande,54323044,21823,538512822
1210,Marvão,4703935,2397,11645560
1308,Matosinhos,233185052,83792,674351137
1413,Mação,10038325,5989,25441604
0111,Mealhada,23691994,10052,87298420
0909,Meda,6596778,4448,13048211
1603,Melgaço,12824301,7251,23628848
1704,Mesão Frio,4243200,2125,8103944
0608,Mira,20915720,8967,64234757
0609,Miranda do Corvo,14657368,6798,26412764
0406,Miranda do Douro,10064426,5759,25522647
0407,Mirandela,33089106,14983,68719120
0408,Mogadouro,11414762,7134,27088443
1807,Moimenta da Beira,14762533,7435,33684905
1506,Moita,72050887,34689,145584801
0809,Monchique,9198144,3968,22660272
1705,Mondim de Basto,9203809,4823,16211487
1211,Monforte,4029867,1908,12098275
1706,Montalegre,12821818,9480,25234738
0706,Montemor-o-Novo,25097660,9041,72016525
0610,Montemor-o-Velho,29729397,12361,60563388
1507,Montijo,70865751,27461,215371589
1604,Monção,30122960,13532,68986061
0707,Mora,6969115,3217,21944087
1808,Mortágua,12036662,5927,54348948
0210,Moura,20511365,9087,55051593
0708,Mourão,4110971,1711,8686357
0112,Murtosa,16016261,7778,36031737
1707,Murça,7914064,4043,13506952
0209,Mértola,10247748,7254,16899464
1011,Nazaré,24672357,13360,76355683
1809,Nelas,17311846,8379,174821570
1212,Nisa,9475061,6179,17981830
4202,Nordeste,5661511,2565,10110087
0211,Odemira,38756248,17520,96833101
1116,Odivelas,161825816,72829,296544312
1110,Oeiras,211453251,89147,637206452
0506,Oleiros,5893532,4818,26202184
0810,Olhão,65828706,26532,127862082
0113,Oliveira de Azeméis,84398281,30914,375426786
1810,Oliveira de Frades,12702812,5951,56699536
0114,Oliveira do Bairro,30419241,11712,150548267
0611,Oliveira do Hospital,24571649,12895,100036557
0212,Ourique,7681819,3635,20836228
1421,Ourém,62840184,27889,189097194
0115,Ovar,70820281,28078,318478471
1508,Palmela,106598265,33810,464632082
0612,Pampilhosa da Serra,4690398,4681,11441796
1310,Paredes,114693741,35781,255251678
1605,Paredes de Coura,12285365,5905,30235633
1309,Paços de Ferreira,71162394,21861,222811623
1013,Pedrógão Grande,5833368,3308,15107282
0613,Penacova,16317603,7881,32984183
1311,Penafiel,96012483,31249,212659624
1811,Penalva do Castelo,9860721,5346,17410966
0507,Penamacor,7051479,5700,14987553
1812,Penedono,4054021,2536,6715785
0614,Penela,7453161,3605,19740398
1014,Peniche,41574297,20501,101568066
1708,Peso da Régua,17895302,8837,38808234
0910,Pinhel,10915327,7249,24407035
1015,Pombal,72654575,32338,266303950
4203,Ponta Delgada,87295077,29189,251781232
3105,Ponta do Sol,11977165,4708,23599307
1606,Ponte da Barca,14499022,8226,27337108
1607,Ponte de Lima,59059396,23106,121085470
1213,Ponte de Sôr,22786856,9475,57934206
1214,Portalegre,30928406,13454,122640707
0709,Portel,9554083,3813,103809088
0811,Portimão,106096921,49034,263585513
1312,Porto,426557395,141232,1247269778
3106,Porto Moniz,3547312,1824,11095256
3201,Porto Santo,7496633,4283,33139471
1016,Porto de Mós,32689012,12580,143205149
4204,Povoação,8019510,3388,18337174
4302,Praia da Vitória,27286771,9346,68859201
0508,Proença-a-Nova,9965335,6412,21356428
0309,Póvoa de Lanhoso,31623816,12512,63619422
1313,Póvoa de Varzim,87647769,37718,211819888
0710,Redondo,10399104,3961,24075240
0711,Reguengos de Monsaraz,17387574,6300,39513989
1813,Resende,11545713,6991,23905544
3107,Ribeira Brava,15309637,6391,32273961
4205,Ribeira Grande,33339980,11428,102028461
1709,Ribeira de Pena,7598086,4572,16563883
1414,Rio Maior,30361112,11552,172687494
1710,Sabrosa,7058281,4368,17782659
0911,Sabugal,16512393,13416,32593310
1415,Salvaterra de Magos,37224355,11292,72285608
1814,Santa Comba Dão,13670400,6878,29324488
3108,Santa Cruz,50408201,19848,134133324
4401,Santa Cruz da Graciosa,5250307,2774,13670073
4802,Santa Cruz das Flores,2180470,942,3974266
0109,Santa Maria da Feira,178570878,62948,609154893
1711,Santa Marta de Penaguião,7198691,4108,12524117
3109,Santana,8126862,4431,20704327
1416,Santarém,86054305,32785,306940188
1509,Santiago do Cacém,40564886,17586,118835307
1314,Santo Tirso,88769493,29707,434249524
1417,Sardoal,5432820,2638,9486770
0912,Seia,27499192,15802,65381359
1510,Seixal,206415000,83822,1126970728
1818,Sernancelhe,7831384,4241,17547850
0213,Serpa,20548731,9520,90476216
0509,Sertã,20040894,11732,55992739
1511,Sesimbra,82590742,33180,152744530
1512,Setúbal,155541323,64681,968224984
0117,Sever do Vouga,15665702,6809,34001175
0813,Silves,78446036,31530,180251091
1513,Sines,17534397,8391,843047615
1111,Sintra,450478400,188963,996328244
1112,Sobral de Monte Agraço,16007541,5218,30017522
0615,Soure,21818799,10508,73614890
1215,Sousel,7298058,3116,19913580
1817,Sátão,15673433,8511,29686186
0812,São Brás de Alportel,21445581,6822,37630704
0116,São João da Madeira,26369455,11256,108445933
1815,São João da Pesqueira,9371914,5085,19435487
1816,São Pedro do Sul,19400793,10905,47755825
4603,São Roque do Pico,5682314,2371,10664714
3110,São Vicente,7100853,3473,17616714
1819,Tabuaço,6538083,3961,12949420
1820,Tarouca,10731303,5993,22054405
0814,Tavira,58202334,24958,125235278
0310,Terras de Bouro,9079084,4638,20376160
1418,Tomar,54056815,24061,129444408
1821,Tondela,33430200,16956,113842832
0409,Torre de Moncorvo,10664075,6415,19399116
1419,Torres Novas,47108382,19174,255654808
1113,Torres Vedras,116512312,45124,326287175
0913,Trancoso,11876750,7047,25453265
1318,Trofa,51825786,15984,196736014
0616,Tábua,15115061,8185,33835173
0118,Vagos,33978458,13840,99487801
0119,Vale de Cambra,27750692,11838,105220773
1608,Valença,20977346,8778,58462347
1315,Valongo,119905007,42614,264179944
1712,Valpaços,21563954,12412,41734828
4502,Velas,7523094,2987,16622915
0712,Vendas Novas,16394513,6174,49625053
0713,Viana do Alentejo,8556191,3346,18439743
1609,Viana do Castelo,121686780,50299,616452078
0214,Vidigueira,8284142,3523,45779759
0311,Vieira do Minho,17028376,7700,44413122
1114,Vila Franca de Xira,141513368,68183,866436063
4206,Vila Franca do Campo,11514805,4338,21934564
1420,Vila Nova da Barquinha,9128822,3891,19791717
1610,Vila Nova de Cerveira,14462166,5946,61063861
0312,Vila Nova de Famalicão,171560434,57342,874506151
0914,Vila Nova de Foz Côa,10464818,5974,21648189
1317,Vila Nova de Gaia,424073116,144482,1148369651
1822,Vila Nova de Paiva,6928390,4221,13898483
0617,Vila Nova de Poiares,9333658,4353,23877529
1713,Vila Pouca de Aguiar,16068338,9419,43538071
1714,Vila Real,70073295,30388,163568821
0816,Vila Real de Santo António,35200795,20929,81896034
0511,Vila Velha de Ródão,5022729,3119,124811436
0313,Vila Verde,63191130,24808,133123378
0714,Vila Viçosa,11566127,4288,34989390
0510,Vila de Rei,4552134,2936,10196119
0815,Vila do Bispo,16839952,5531,35402627
1316,Vila do Conde,110829618,39318,396671392
4101,Vila do Porto,7408170,3336,21285003
0410,Vila flor,8678615,4895,22414251
0411,Vimioso,6185111,4384,10944089
0412,Vinhais,10582012,7023,18651906
1823,Viseu,137681850,57326,340696022
0314,Vizela,28577973,9880,80350361
1824,Vouzela,12884955,6540,29132844
0101,Águeda,60386734,23261,285352981
0705,Évora,83456301,28283,280401738
0110,Ílhavo,52245338,22816,214015583
1012,Óbidos,27384383,8790,70819299
