data,energia_ativa_simples_kwh,energia_ativa_vazio_kwh,energia_ativa_fora_de_vazio_kwh,energia_ativa_super_vazio_kwh,energia_ativa_ponta_kwh,energia_ativa_cheias_kwh,energia_ativa_total_kwh
2023-01,4463781.566,1147337.588,302569.594,383491.115,672137.761,1710603.362,8679920.986
2023-02,3872039.939,1055043.346,260125.185,367126.935,600717.789,1529133.607,7684186.801
2023-03,3806516.073,1123890.656,251604.76,417227.568,604172.477,1705329.526,7908741.06
2023-04,3244662.215,1078185.384,209652.337,355959.573,373047.207,1478675.787,6740182.503
2023-05,3221440.104,1047960.47,207520.548,360051.058,372960.414,1549833.933,6759766.527
2023-06,3121571.103,998520.556,201429.576,348085.751,379521.352,1533849.785,6582978.123
2023-07,3239220.895,1064787.325,204453.584,373119.928,375154.185,1567499.799,6824235.716
2023-08,3251435.075,994032.132,206989.567,342483.517,369401.978,1515818.297,6680160.566
2023-09,3144810.604,1043969.963,202909.135,396492.657,400867.373,1700803.961,6889853.693
2023-10,3429776.442,1125106.43,225015.228,395378.486,467342.087,1751360.8,7393979.473
2023-11,3768137.037,1078089.248,254662.491,343741.165,578667.09,1534211.13,7557508.161
2023-12,4565374.947,1229660.902,313432.995,342127.247,566190.287,1460779.013,8477565.391
2024-01,4573274.429,1194614.806,312888.31,405035.15,696314.743,1763577.13,8945704.568
2024-02,3818473.733,1081358.735,248522.461,381630.53,634876.972,1588486.667,7753349.098
2024-03,3962769.667,1158641.243,256172.193,384226.608,590517.076,1581849.938,7934176.725
2024-04,3432921.683,1085733.034,217110.681,380660.499,403404.506,1575950.036,7095780.439
2024-05,3369348.488,1129821.182,209030.355,416551.213,406264.703,1650245.229,7181261.17
2024-06,3172879.976,1043491.702,194120.282,357931.751,358133.319,1467884.477,6594441.507
2024-07,3325777.954,1029720.304,201208.297,373698.804,388381.275,1603826.625,6922613.259
2024-08,3311276.749,1038885.947,196469.381,355886.129,366337.029,1522155.991,6791011.226
2024-09,3233077.532,983089.763,195115.896,335257.76,377448.421,1539622.122,6663611.494
2024-10,3484179.362,1119153.073,213250.492,384662.667,472033.946,1690636.656,7363916.196
2024-11,3581751.49,1092388.154,219370.634,375024.254,580875.13,1570362.694,7419772.356
2024-12,4349550.937,1171874.057,274349.018,367702.635,586446.88,1515675.435,8265598.962
2025-01,4661268.33,1206466.492,297192.933,384802.023,654426.608,1672571.612,8876727.998
2025-02,3984705.15,1052504.395,247189.26,361325.314,606106.969,1530845.039,7782676.127
2025-03,4115462.392,1142711.922,249116.754,395896.984,592694.334,1610614.789,8106497.175
2025-04,3541679.83,1092251.773,207102.32,375130.613,404133.42,1508540.004,7128837.96
2025-05,3414665.758,1106024.066,198477.899,391928.843,378658.479,1556731.096,7046486.141
2025-06,3253384.312,1103173.522,187490.903,389993.062,379711.112,1546127.89,6859880.801
2025-07,3405253.074,1064397.935,191192.159,383435.321,401472.269,1636445.901,7082196.659
2025-08,3401975.745,1079287.949,188498.836,360575.068,376691.014,1549752.563,6956781.175
2025-09,3300924.65,1010828.431,183577.968,347434.771,381353.762,1582315.194,6806434.776
2025-10,3592776.92,1103997.518,204295.477,387800.4,477542.838,1700802.583,7467215.736
2025-11,4111262.873,1166027.48,243710.735,377986.64,600248.568,1582744.773,8081981.069
2025-12,5104723.318,1261202.717,317548.756,358888.761,580500.527,1490300.756,9113164.835
