data,energia_ativa_kwh
2020-11,7627943.733
2020-12,8216764.675
2021-01,8763254.409
2021-02,7136179.313
2021-03,7256450.383
2021-04,6682829.729
2021-05,7054536.824
2021-06,6735422.332
2021-07,6886086.545
2021-08,6570179.399
2021-09,6817681.448
2021-10,7251976.292
2021-11,7753701.339
2021-12,8348490.987
2022-01,8690633.786
2022-02,7716255.382
2022-03,8055629.588
2022-04,7190800.252
2022-05,7260285.736
2022-06,6891103.856
2022-07,7041714.698
2022-08,6699348.305
2022-09,6861834.379
2022-10,7300509.773
2022-11,7571279.492
2022-12,8228735.353
2023-01,8679920.986
2023-02,7684186.801
2023-03,7908741.06
2023-04,6740182.503
2023-05,6759766.527
2023-06,6582978.123
2023-07,6824235.716
2023-08,6680160.566
2023-09,6889853.693
2023-10,7393979.473
2023-11,7557508.161
2023-12,8477565.391
2024-01,8945704.568
2024-02,7753349.098
2024-03,7934176.725
2024-04,7095780.439
2024-05,7181261.17
2024-06,6594441.507
2024-07,6922613.259
2024-08,6791011.226
2024-09,6663611.494
2024-10,7363916.196
2024-11,7419772.356
2024-12,8265598.962
2025-01,8876727.998
2025-02,7782631.341
2025-03,8106432.67
2025-04,7128785.272
2025-05,7046437.765
2025-06,6859836.356
2025-07,7082151.523
2025-08,6956740.434
2025-09,6806397.553
2025-10,7467174.249
2025-11,8082245.004
2025-12,9113164.835
2026-01,9804948.065
2026-02,8407158.15
2026-03,8018421.886
2026-04,7133708.333
2026-05,3163801.566
