data,graus_dia_aquecimento
2020-11,108.6
2020-12,216.9
2021-01,297.9
2021-02,157.3
2021-03,165.8
2021-04,81.5
2021-05,84.8
2021-06,9.8
2021-07,0.0
2021-08,0.0
2021-09,0.0
2021-10,14.1
2021-11,197.7
2021-12,176.3
2022-01,239.8
2022-02,190.2
2022-03,174.0
2022-04,155.2
2022-05,11.7
2022-06,0.0
2022-07,0.0
2022-08,0.0
2022-09,3.1
2022-10,0.0
2022-11,96.7
2022-12,142.5
2023-01,248.5
2023-02,222.8
2023-03,164.0
2023-04,69.2
2023-05,3.0
2023-06,0.0
2023-07,0.0
2023-08,0.0
2023-09,0.0
2023-10,11.6
2023-11,97.9
2023-12,224.7
2024-01,192.8
2024-02,157.1
2024-03,177.9
2024-04,84.4
2024-05,92.6
2024-06,3.0
2024-07,0.0
2024-08,0.0
2024-09,3.3
2024-10,20.1
2024-11,50.7
2024-12,227.8
2025-01,206.0
2025-02,177.1
2025-03,187.3
2025-04,98.1
2025-05,36.3
2025-06,0.0
2025-07,0.0
2025-08,0.0
2025-09,3.1
2025-10,6.6
2025-11,142.5
2025-12,227.0
2026-01,241.9
2026-02,179.5
2026-03,152.0
2026-04,63.4
