code,winter,summer,reads_change
0101,18.16,7.09,2.25
0102,19.94,6.55,3.35
0103,17.28,6.29,2.21
0104,14.58,8.05,1.87
0105,18.4,4.88,2.38
0106,15.26,10.02,1.59
0107,16.2,2.56,-0.69
0108,18.54,6.5,1.08
0109,17.45,5.88,2.37
0110,17.28,3.02,2.55
0111,16.86,5.78,1.65
0112,16.14,5.01,0.75
0113,20.1,8.61,2.64
0114,19.74,6.9,1.35
0115,19.58,4.12,1.25
0116,18.54,5.06,6.35
0117,15.87,8.15,2.76
0118,17.59,5.54,1.44
0119,17.51,7.89,2.0
0201,12.42,8.01,-4.26
0202,11.57,6.96,5.82
0203,9.96,7.89,-2.7
0204,15.21,5.81,3.82
0205,11.31,9.52,2.19
0206,12.18,8.11,1.73
0207,9.86,6.36,3.69
0208,11.34,6.01,2.38
0209,7.98,4.77,5.89
0210,10.74,6.99,4.36
0211,14.41,6.89,6.57
0212,13.94,5.84,2.78
0213,9.75,7.24,5.79
0214,12.04,9.3,2.13
0301,21.46,11.06,2.07
0302,17.15,9.58,2.48
0303,19.8,10.85,1.52
0304,16.18,8.82,3.85
0305,16.18,11.99,4.83
0306,18.66,7.09,-0.17
0307,21.31,10.37,2.13
0308,19.82,11.05,2.4
0309,20.15,12.28,1.86
0310,15.82,10.63,1.94
0311,15.77,9.96,2.84
0312,20.27,10.99,1.38
0313,18.42,10.0,2.7
0314,20.04,11.03,1.05
0401,11.0,3.84,-1.56
0402,12.95,5.67,2.3
0403,10.45,1.9,4.37
0404,10.09,7.51,8.94
0405,12.99,6.06,8.55
0406,8.57,1.78,6.85
0407,9.94,5.99,2.87
0408,11.82,3.31,3.1
0409,9.71,6.39,2.43
0410,13.67,8.45,2.79
0411,12.37,7.23,11.25
0412,13.99,2.76,4.26
0501,14.88,7.99,2.91
0502,13.75,10.87,2.88
0503,15.94,7.68,2.95
0504,9.82,5.44,2.27
0505,14.32,7.96,6.81
0506,12.38,10.37,3.89
0507,18.03,8.22,8.23
0508,16.27,10.1,4.1
0509,13.92,10.21,3.06
0510,12.58,8.06,3.44
0511,9.32,8.19,2.65
0601,12.45,10.03,6.03
0602,18.68,6.94,2.48
0603,17.88,6.54,1.47
0604,18.93,8.33,-0.72
0605,15.81,4.09,4.22
0606,11.38,4.63,3.09
0607,15.56,8.47,1.2
0608,16.44,5.15,-0.51
0609,16.08,7.0,1.63
0610,16.36,7.27,2.49
0611,13.94,9.74,3.37
0612,9.6,9.23,6.66
0613,13.51,9.32,3.63
0614,17.61,8.88,1.85
0615,15.32,3.79,0.86
0616,16.54,11.61,4.34
0617,16.22,8.19,1.81
0701,11.65,9.27,7.02
0702,13.62,12.85,-0.03
0703,9.99,13.84,7.53
0704,14.56,13.82,5.08
0705,11.12,10.02,10.39
0706,14.35,8.86,3.63
0707,9.4,10.12,5.96
0708,9.99,5.32,3.53
0709,11.18,9.54,4.77
0710,10.66,10.21,3.2
0711,10.75,8.67,3.18
0712,15.09,8.13,3.91
0713,12.09,6.97,7.67
0714,13.4,11.35,3.05
0801,11.8,6.71,5.02
0802,10.49,5.08,16.25
0803,15.57,5.74,8.02
0804,8.55,9.2,2.88
0805,11.73,8.77,4.98
0806,10.28,3.1,3.54
0807,13.45,7.44,5.27
0808,13.25,7.72,4.63
0809,13.39,3.41,8.73
0810,11.72,10.48,0.84
0811,13.54,4.91,2.75
0812,15.05,4.41,3.58
0813,13.43,7.02,8.42
0814,11.16,7.54,8.5
0815,13.65,4.33,3.98
0816,9.47,13.49,2.93
0901,17.33,7.93,2.97
0902,10.12,3.68,-1.0
0903,12.18,6.48,-0.43
0904,8.77,3.48,6.38
0905,12.51,5.1,1.25
0906,14.43,7.4,2.33
0907,14.67,5.34,2.25
0908,15.99,3.76,3.32
0909,9.41,3.83,2.5
0910,13.07,6.35,2.45
0911,12.45,5.18,2.35
0912,14.05,8.46,2.8
0913,9.63,6.46,3.41
0914,8.14,5.0,7.53
1001,17.7,5.31,1.56
1002,17.32,6.25,2.57
1003,14.14,5.97,-0.51
1004,15.83,5.25,1.47
1005,18.68,7.33,1.08
1006,15.68,4.69,1.01
1007,14.64,8.19,2.95
1008,13.51,7.33,2.68
1009,16.2,5.52,2.65
1010,16.5,3.74,-0.24
1011,16.18,2.38,2.68
1012,14.72,4.76,2.74
1013,16.53,11.53,2.86
1014,11.99,3.48,1.21
1015,16.62,6.89,3.91
1016,17.63,6.21,2.17
1101,14.94,8.56,0.86
1102,15.54,9.0,0.97
1103,15.23,9.14,1.7
1104,18.07,10.24,1.22
1105,14.24,5.95,1.54
1106,11.06,7.56,3.53
1107,10.87,7.02,1.48
1108,16.89,6.15,0.86
1109,16.43,4.76,3.35
1110,13.07,5.99,3.03
1111,13.26,4.68,5.68
1112,17.32,8.47,1.24
1113,14.0,5.19,0.93
1114,13.29,8.78,3.1
1115,11.36,6.49,4.04
1116,11.98,8.47,1.37
1201,13.17,12.73,-0.22
1202,11.63,9.42,4.56
1203,8.49,9.99,6.16
1204,11.84,11.16,3.39
1205,12.26,7.0,2.27
1206,13.03,8.55,3.88
1207,10.77,10.36,3.44
1208,10.24,11.36,3.71
1209,13.49,9.16,1.92
1210,9.22,5.72,4.2
1211,5.84,8.88,3.68
1212,11.15,9.55,3.49
1213,11.4,11.26,2.33
1214,16.29,11.12,0.95
1215,10.15,8.94,2.54
1301,19.86,12.11,2.14
1302,15.16,8.59,2.2
1303,20.72,12.08,3.2
1304,15.26,5.37,2.07
1305,20.94,13.18,2.04
1306,15.85,5.51,1.45
1307,19.05,12.04,1.03
1308,14.54,3.2,1.77
1309,19.86,10.05,2.1
1310,17.93,10.27,2.51
1311,17.3,9.41,1.18
1312,16.24,3.91,2.52
1313,18.24,4.99,2.0
1314,19.55,9.93,2.69
1315,15.13,5.65,1.18
1316,15.55,6.99,1.8
1317,15.46,4.27,1.3
1318,15.54,7.26,1.42
1401,14.43,11.06,1.99
1402,15.89,11.24,3.31
1403,12.26,9.53,7.06
1404,14.29,11.86,7.74
1405,12.7,10.41,0.9
1406,13.91,7.56,2.64
1407,14.11,21.99,2.21
1408,15.37,8.48,0.32
1409,11.84,9.32,2.57
1410,17.72,12.79,3.49
1411,18.54,11.86,3.73
1412,15.37,12.26,1.89
1413,13.71,8.06,1.88
1414,15.58,7.74,0.98
1415,13.2,6.67,1.58
1416,15.03,8.8,1.94
1417,14.08,6.23,2.35
1418,16.7,9.86,3.15
1419,15.12,10.89,2.35
1420,16.47,11.9,1.64
1421,12.5,6.41,0.34
1501,14.29,5.34,2.97
1502,10.31,8.38,0.38
1503,11.29,5.26,3.11
1504,10.36,6.22,0.86
1505,10.32,7.65,3.39
1506,9.41,5.65,1.14
1507,11.04,7.56,1.83
1508,13.76,8.81,1.31
1509,13.98,6.58,1.7
1510,11.95,7.15,2.6
1511,12.77,5.83,1.23
1512,10.31,5.6,1.38
1513,13.51,1.59,11.6
1601,17.77,7.6,3.66
1602,17.3,5.28,3.4
1603,15.89,3.67,2.29
1604,15.72,7.08,1.83
1605,18.73,7.1,0.74
1606,15.55,8.33,4.08
1607,18.2,7.85,2.04
1608,16.52,7.84,3.96
1609,17.96,5.74,2.08
1610,15.82,6.41,3.23
1701,13.07,9.99,3.44
1702,11.2,6.63,4.62
1703,14.61,8.17,2.19
1704,8.16,5.46,5.34
1705,14.82,11.34,4.84
1706,12.07,6.84,6.82
1707,11.87,3.33,2.82
1708,12.51,9.72,1.08
1709,12.26,7.91,2.03
1710,14.59,7.2,3.76
1711,12.71,9.13,3.8
1712,15.3,6.38,2.12
1713,15.33,7.43,2.95
1714,15.34,7.33,2.57
1801,10.79,10.4,2.44
1802,16.27,11.26,3.91
1803,17.79,8.39,4.22
1804,13.78,8.47,3.35
1805,12.57,8.18,1.82
1806,16.55,10.39,1.64
1807,13.3,6.15,2.35
1808,13.31,7.33,2.02
1809,16.06,11.06,1.77
1810,16.81,9.26,5.95
1811,17.24,10.9,-0.62
1812,11.02,5.76,4.02
1813,14.39,11.57,2.07
1814,16.17,8.93,3.1
1815,11.25,8.92,7.69
1816,15.33,7.68,2.68
1817,18.31,9.44,4.42
1818,10.54,8.53,3.14
1819,13.05,8.13,1.79
1820,12.11,6.57,1.84
1821,17.8,12.95,6.13
1822,17.98,8.79,5.39
1823,16.42,8.18,2.1
1824,18.37,9.46,4.41
