serie,mes,valor
total:cpes_com_dcs,2022-08,3077644.0
total:cpes_com_dcs,2022-09,3047981.0
total:cpes_com_dcs,2022-10,3153836.0
total:cpes_com_dcs,2022-11,3194815.0
total:cpes_com_dcs,2022-12,3255240.0
total:cpes_com_dcs,2023-01,3322221.0
total:cpes_com_dcs,2023-02,3468156.0
total:cpes_com_dcs,2023-03,3550050.0
total:cpes_com_dcs,2023-04,3656315.0
total:cpes_com_dcs,2023-05,3649167.0
total:cpes_com_dcs,2023-06,3873834.0
total:cpes_com_dcs,2023-07,3951799.0
total:cpes_com_dcs,2023-08,4006197.0
total:cpes_com_dcs,2023-09,4139791.0
total:cpes_com_dcs,2023-10,4224254.0
total:cpes_com_dcs,2023-11,4317187.0
total:cpes_com_dcs,2023-12,4444235.0
total:cpes_com_dcs,2024-01,4515249.0
total:cpes_com_dcs,2024-02,4625586.0
total:cpes_com_dcs,2024-03,4768889.0
total:cpes_com_dcs,2024-04,4767984.0
total:cpes_com_dcs,2024-12,5794107.0
total:cpes_com_dcs,2025-01,5990533.0
total:cpes_com_dcs,2025-02,6016109.0
total:cpes_com_dcs,2025-03,6066843.0
total:cpes_com_dcs,2025-04,6092190.0
total:cpes_com_dcs,2025-05,6151498.0
total:cpes_com_dcs,2025-06,6154904.0
total:cpes_com_dcs,2025-07,6124444.0
total:cpes_com_dcs,2025-08,6166727.0
total:cpes_com_dcs,2025-09,6088065.0
total:cpes_com_dcs,2025-10,6174460.0
total:cpes_com_dcs,2025-11,6169380.0
total:cpes_com_dcs,2025-12,6197023.0
