code,winter,summer,hdd_change,hdd_2024,cdd_change
0101,18.16,7.09,108.5,253.0,59.6
0102,19.94,6.55,120.0,286.5,44.6
0103,17.28,6.29,111.1,261.7,32.6
0104,14.58,8.05,142.9,322.4,69.6
0105,18.4,4.88,93.7,250.7,-0.2
0106,15.26,10.02,83.4,282.6,62.6
0107,16.2,2.56,91.0,278.5,41.2
0108,18.54,6.5,111.5,269.2,14.8
0109,17.45,5.88,97.3,273.8,33.0
0110,17.28,3.02,97.7,273.5,5.2
0111,16.86,5.78,111.8,292.1,36.7
0112,16.14,5.01,80.1,235.8,0.0
0113,20.1,8.61,136.2,326.2,58.4
0114,19.74,6.9,107.7,270.6,31.9
0115,19.58,4.12,105.2,270.1,14.3
0116,18.54,5.06,136.2,326.2,58.4
0117,15.87,8.15,133.5,307.6,52.2
0118,17.59,5.54,104.8,285.0,7.7
0119,17.51,7.89,140.6,320.9,53.6
0201,12.42,8.01,88.4,263.0,37.7
0202,11.57,6.96,93.7,284.6,11.8
0203,9.96,7.89,95.3,274.7,38.7
0204,15.21,5.81,118.1,298.3,1.0
0205,11.31,9.52,77.8,288.4,36.4
0206,12.18,8.11,82.2,287.3,21.2
0207,9.86,6.36,83.3,289.4,32.5
0208,11.34,6.01,96.4,251.6,30.3
0209,7.98,4.77,77.1,269.3,-7.2
0210,10.74,6.99,80.2,295.9,3.6
0211,14.41,6.89,87.1,225.1,18.6
0212,13.94,5.84,92.2,276.8,27.5
0213,9.75,7.24,87.8,275.6,29.0
0214,12.04,9.3,90.3,290.1,11.4
0301,21.46,11.06,130.7,297.6,62.0
0302,17.15,9.58,124.6,335.4,51.9
0303,19.8,10.85,126.4,334.9,72.0
0304,16.18,8.82,95.3,433.9,79.8
0305,16.18,11.99,87.5,403.9,72.7
0306,18.66,7.09,101.5,261.5,35.4
0307,21.31,10.37,85.9,473.0,85.8
0308,19.82,11.05,99.4,407.4,103.4
0309,20.15,12.28,137.9,353.9,102.9
0310,15.82,10.63,145.7,325.7,66.0
0311,15.77,9.96,136.8,409.3,99.4
0312,20.27,10.99,113.7,321.0,74.8
0313,18.42,10.0,124.8,353.7,54.0
0314,20.04,11.03,84.7,431.8,87.9
0401,11.0,3.84,44.1,569.8,68.6
0402,12.95,5.67,66.6,611.8,39.0
0403,10.45,1.9,40.1,660.3,26.5
0404,10.09,7.51,57.2,552.6,67.0
0405,12.99,6.06,69.5,567.1,31.2
0406,8.57,1.78,60.5,634.2,38.0
0407,9.94,5.99,34.7,479.3,24.7
0408,11.82,3.31,59.0,618.7,48.7
0409,9.71,6.39,40.7,526.0,58.5
0410,13.67,8.45,42.0,555.8,87.2
0411,12.37,7.23,66.4,599.6,35.0
0412,13.99,2.76,86.3,622.4,59.3
0501,14.88,7.99,92.4,508.5,7.4
0502,13.75,10.87,84.1,435.3,51.1
0503,15.94,7.68,96.3,528.1,8.6
0504,9.82,5.44,65.1,485.6,20.3
0505,14.32,7.96,89.8,424.4,42.0
0506,12.38,10.37,79.7,490.1,95.1
0507,18.03,8.22,97.0,458.0,9.1
0508,16.27,10.1,89.7,419.4,46.7
0509,13.92,10.21,116.7,361.4,86.8
0510,12.58,8.06,117.7,393.9,79.0
0511,9.32,8.19,73.2,379.4,9.1
0601,12.45,10.03,91.3,317.4,83.0
0602,18.68,6.94,110.3,277.2,33.2
0603,17.88,6.54,92.5,300.7,49.3
0604,18.93,8.33,88.6,317.8,49.2
0605,15.81,4.09,75.5,248.8,8.7
0606,11.38,4.63,93.1,312.6,85.4
0607,15.56,8.47,87.2,317.5,64.6
0608,16.44,5.15,94.5,233.8,0.6
0609,16.08,7.0,85.4,278.7,83.7
0610,16.36,7.27,92.4,291.3,26.3
0611,13.94,9.74,116.1,416.9,69.5
0612,9.6,9.23,101.1,394.5,92.3
0613,13.51,9.32,99.3,328.4,58.1
0614,17.61,8.88,102.4,290.7,65.3
0615,15.32,3.79,87.1,292.6,30.7
0616,16.54,11.61,95.9,339.0,89.0
0617,16.22,8.19,78.8,358.0,54.1
0701,11.65,9.27,61.2,402.4,24.7
0702,13.62,12.85,92.2,334.4,88.3
0703,9.99,13.84,89.0,355.9,68.5
0704,14.56,13.82,103.5,334.9,94.5
0705,11.12,10.02,72.5,340.2,59.1
0706,14.35,8.86,104.2,301.1,65.5
0707,9.4,10.12,86.1,291.4,53.2
0708,9.99,5.32,69.7,303.5,19.1
0709,11.18,9.54,85.3,310.5,-0.2
0710,10.66,10.21,92.8,336.8,57.1
0711,10.75,8.67,78.1,319.1,41.3
0712,15.09,8.13,98.8,255.7,74.7
0713,12.09,6.97,85.7,296.4,50.7
0714,13.4,11.35,61.6,418.7,56.7
0801,11.8,6.71,75.0,148.1,-52.4
0802,10.49,5.08,77.4,213.5,-11.3
0803,15.57,5.74,72.3,143.6,32.7
0804,8.55,9.2,72.7,187.1,-31.5
0805,11.73,8.77,59.5,137.9,-45.6
0806,10.28,3.1,73.8,165.7,-47.5
0807,13.45,7.44,65.1,153.6,13.1
0808,13.25,7.72,103.4,225.6,-81.0
0809,13.39,3.41,90.0,341.7,21.1
0810,11.72,10.48,67.3,136.9,-39.7
0811,13.54,4.91,63.5,157.7,-13.1
0812,15.05,4.41,94.1,246.1,-103.5
0813,13.43,7.02,73.8,165.7,-47.5
0814,11.16,7.54,74.1,178.2,-15.1
0815,13.65,4.33,58.1,122.0,28.0
0816,9.47,13.49,72.7,187.1,-31.5
0901,17.33,7.93,97.9,548.0,63.4
0902,10.12,3.68,78.3,570.2,57.6
0903,12.18,6.48,71.1,553.3,39.1
0904,8.77,3.48,67.4,545.2,71.1
0905,12.51,5.1,76.5,559.7,60.9
0906,14.43,7.4,58.8,196.1,0.0
0907,14.67,5.34,90.9,687.6,28.8
0908,15.99,3.76,94.6,569.7,2.7
0909,9.41,3.83,55.5,568.4,71.8
0910,13.07,6.35,69.4,539.3,61.3
0911,12.45,5.18,99.5,557.3,15.5
0912,14.05,8.46,106.4,422.8,74.9
0913,9.63,6.46,84.8,623.9,51.3
0914,8.14,5.0,40.2,526.8,18.8
1001,17.7,5.31,95.1,217.9,39.7
1002,17.32,6.25,115.3,332.6,71.7
1003,14.14,5.97,115.3,297.8,86.2
1004,15.83,5.25,92.3,282.8,36.4
1005,18.68,7.33,68.3,280.4,9.0
1006,15.68,4.69,62.8,206.4,-3.2
1007,14.64,8.19,80.4,483.5,60.5
1008,13.51,7.33,110.4,420.8,66.6
1009,16.2,5.52,93.0,241.5,61.3
1010,16.5,3.74,92.8,263.4,14.1
1011,16.18,2.38,70.8,205.0,-3.1
1012,14.72,4.76,60.5,253.2,0.0
1013,16.53,11.53,112.1,383.3,89.7
1014,11.99,3.48,52.2,181.0,-3.3
1015,16.62,6.89,99.6,300.8,37.6
1016,17.63,6.21,95.4,264.7,55.7
1101,14.94,8.56,50.2,288.7,47.9
1102,15.54,9.0,58.0,302.8,39.9
1103,15.23,9.14,69.0,247.2,64.9
1104,18.07,10.24,71.3,295.2,37.7
1105,14.24,5.95,54.6,153.9,6.5
1106,11.06,7.56,65.9,191.9,71.6
1107,10.87,7.02,63.0,182.5,79.0
1108,16.89,6.15,51.2,217.9,-0.5
1109,16.43,4.76,74.8,236.1,10.7
1110,13.07,5.99,66.4,190.7,45.7
1111,13.26,4.68,74.9,271.4,19.0
1112,17.32,8.47,61.8,298.3,31.1
1113,14.0,5.19,60.9,222.3,8.9
1114,13.29,8.78,42.2,280.7,66.3
1115,11.36,6.49,64.7,221.0,73.3
1116,11.98,8.47,64.7,221.0,73.3
1201,13.17,12.73,90.7,329.5,92.6
1202,11.63,9.42,82.3,373.3,79.7
1203,8.49,9.99,89.8,302.2,88.9
1204,11.84,11.16,68.4,367.2,50.1
1205,12.26,7.0,98.6,441.2,47.8
1206,13.03,8.55,92.7,318.6,77.7
1207,10.77,10.36,46.1,389.2,39.2
1208,10.24,11.36,93.2,330.9,92.0
1209,13.49,9.16,77.0,348.8,54.5
1210,9.22,5.72,82.2,561.4,52.1
1211,5.84,8.88,78.6,362.1,113.4
1212,11.15,9.55,44.0,399.2,45.7
1213,11.4,11.26,93.5,307.3,109.1
1214,16.29,11.12,125.8,370.3,70.3
1215,10.15,8.94,95.0,333.1,102.4
1301,19.86,12.11,84.9,355.0,78.3
1302,15.16,8.59,60.5,525.7,60.5
1303,20.72,12.08,79.3,479.1,76.0
1304,15.26,5.37,85.9,298.2,25.5
1305,20.94,13.18,84.4,435.8,91.3
1306,15.85,5.51,93.2,261.6,40.5
1307,19.05,12.04,80.4,385.3,76.7
1308,14.54,3.2,88.4,267.7,52.9
1309,19.86,10.05,110.6,369.5,98.9
1310,17.93,10.27,107.3,369.6,102.8
1311,17.3,9.41,85.0,419.0,96.0
1312,16.24,3.91,88.4,267.7,52.9
1313,18.24,4.99,91.5,270.5,29.0
1314,19.55,9.93,122.9,315.7,76.5
1315,15.13,5.65,110.6,325.4,113.0
1316,15.55,6.99,92.0,269.3,29.4
1317,15.46,4.27,87.1,275.9,47.0
1318,15.54,7.26,113.7,321.0,74.8
1401,14.43,11.06,105.1,291.3,92.6
1402,15.89,11.24,84.6,266.5,116.9
1403,12.26,9.53,80.6,268.6,81.5
1404,14.29,11.86,83.5,266.0,69.5
1405,12.7,10.41,72.7,255.8,66.2
1406,13.91,7.56,72.8,276.7,79.4
1407,14.11,21.99,91.0,278.5,41.2
1408,15.37,8.48,96.2,281.2,106.2
1409,11.84,9.32,83.3,278.0,58.9
1410,17.72,12.79,82.6,288.7,95.9
1411,18.54,11.86,113.5,367.8,64.4
1412,15.37,12.26,85.4,287.4,72.6
1413,13.71,8.06,81.1,349.2,38.8
1414,15.58,7.74,85.1,270.5,48.2
1415,13.2,6.67,82.5,240.9,67.8
1416,15.03,8.8,79.0,264.3,74.3
1417,14.08,6.23,99.6,326.0,84.1
1418,16.7,9.86,98.5,258.7,102.9
1419,15.12,10.89,78.2,308.9,119.1
1420,16.47,11.9,82.6,288.7,95.9
1421,12.5,6.41,79.8,345.5,65.3
1501,14.29,5.34,91.4,244.1,10.2
1502,10.31,8.38,42.7,217.0,78.7
1503,11.29,5.26,65.9,191.9,71.6
1504,10.36,6.22,52.2,227.8,86.5
1505,10.32,7.65,96.6,257.0,18.5
1506,9.41,5.65,55.6,249.6,77.8
1507,11.04,7.56,76.4,342.1,-20.6
1508,13.76,8.81,65.7,290.6,50.7
1509,13.98,6.58,91.8,225.9,15.4
1510,11.95,7.15,52.2,227.8,86.5
1511,12.77,5.83,58.9,181.8,26.2
1512,10.31,5.6,59.4,209.2,65.7
1513,13.51,1.59,63.7,152.9,6.2
1601,17.77,7.6,123.5,301.9,72.1
1602,17.3,5.28,75.1,197.9,0.0
1603,15.89,3.67,110.9,355.3,30.5
1604,15.72,7.08,78.1,343.8,42.8
1605,18.73,7.1,122.2,407.5,42.9
1606,15.55,8.33,125.2,308.4,76.7
1607,18.2,7.85,126.5,305.2,36.5
1608,16.52,7.84,98.3,334.7,48.6
1609,17.96,5.74,85.2,250.3,3.1
1610,15.82,6.41,101.8,269.4,24.3
1701,13.07,9.99,49.7,556.8,30.6
1702,11.2,6.63,48.6,560.0,21.8
1703,14.61,8.17,80.6,481.7,31.3
1704,8.16,5.46,39.0,469.9,59.1
1705,14.82,11.34,84.0,402.8,73.2
1706,12.07,6.84,112.6,643.5,48.9
1707,11.87,3.33,51.0,541.8,64.9
1708,12.51,9.72,39.6,387.9,36.0
1709,12.26,7.91,71.5,491.3,54.9
1710,14.59,7.2,69.9,559.3,57.7
1711,12.71,9.13,49.0,451.8,66.7
1712,15.3,6.38,52.0,537.1,60.1
1713,15.33,7.43,74.2,626.7,40.9
1714,15.34,7.33,76.3,504.1,84.6
1801,10.79,10.4,40.7,550.3,76.9
1802,16.27,11.26,107.4,388.0,81.5
1803,17.79,8.39,116.1,513.1,63.1
1804,13.78,8.47,99.8,447.3,73.8
1805,12.57,8.18,37.7,550.3,55.4
1806,16.55,10.39,90.4,501.2,65.0
1807,13.3,6.15,61.6,581.3,40.4
1808,13.31,7.33,124.7,289.3,67.5
1809,16.06,11.06,91.4,460.3,66.6
1810,16.81,9.26,91.0,433.5,77.6
1811,17.24,10.9,104.0,466.5,43.6
1812,11.02,5.76,75.8,641.6,48.1
1813,14.39,11.57,78.3,385.0,73.4
1814,16.17,8.93,109.7,331.9,67.1
1815,11.25,8.92,48.4,564.4,50.3
1816,15.33,7.68,99.9,372.6,55.8
1817,18.31,9.44,113.7,475.9,72.5
1818,10.54,8.53,95.9,585.8,64.4
1819,13.05,8.13,41.0,540.7,40.6
1820,12.11,6.57,42.2,540.8,78.1
1821,17.8,12.95,112.7,375.1,66.2
1822,17.98,8.79,93.8,583.0,70.6
1823,16.42,8.18,115.4,442.1,64.0
1824,18.37,9.46,92.9,400.3,56.5
