data,temperatura_media_c
2020-11,13.9
2020-12,10.91
2021-01,8.39
2021-02,12.29
2021-03,12.47
2021-04,14.65
2021-05,14.51
2021-06,17.56
2021-07,18.77
2021-08,18.93
2021-09,19.14
2021-10,16.99
2021-11,11.41
2021-12,12.18
2022-01,10.27
2022-02,11.21
2022-03,12.31
2022-04,12.62
2022-05,17.55
2022-06,17.91
2022-07,21.76
2022-08,20.01
2022-09,19.15
2022-10,17.21
2022-11,14.01
2022-12,13.0
2023-01,9.98
2023-02,10.04
2023-03,12.49
2023-04,15.04
2023-05,17.33
2023-06,19.46
2023-07,19.25
2023-08,20.85
2023-09,19.02
2023-10,18.46
2023-11,14.14
2023-12,10.54
2024-01,11.63
2024-02,12.49
2024-03,12.18
2024-04,14.9
2024-05,15.01
2024-06,17.98
2024-07,19.85
2024-08,19.92
2024-09,18.27
2024-10,17.06
2024-11,15.56
2024-12,10.53
2025-01,11.35
2025-02,11.67
2025-03,11.77
2025-04,14.64
2025-05,16.22
2025-06,20.08
2025-07,22.02
2025-08,21.08
2025-09,17.92
2025-10,17.41
2025-11,12.82
2025-12,10.59
2026-01,10.2
2026-02,11.59
2026-03,12.95
2026-04,15.4
